{
  "last_updated": "2025-11-25 12:00:00",
  "current_value": 15.7,
  "change": "+2.4%",
  "history": [
    {
      "date": "2025-11-25",
      "value": 15.7,
      "status": "Up"
    },
    {
      "date": "2025-11-24",
      "value": 15.3,
      "status": "Up"
    },
    {
      "date": "2025-11-23",
      "value": 15.1,
      "status": "Down"
    },
    {
      "date": "2025-11-22",
      "value": 15.3,
      "status": "Up"
    },
    {
      "date": "2025-11-21",
      "value": 15.0,
      "status": "Down"
    }
  ]
}